speed_kmh,efficiency_kmpl
96.4,19.7
52.4,19.59
24.9,15.08
22.0,14.92
117.6,13.3
129.5,13.39
92.8,20.37
107.5,18.25
85.2,18.96
132.2,11.27
117.9,14.51
20.3,11.48
122.9,16.76
24.0,14.01
107.6,17.7
41.1,19.34
123.6,16.38
85.0,22.74
56.0,22.65
70.7,18.58
23.4,14.58
34.9,19.31
100.5,19.99
97.7,18.04
93.8,22.3
66.0,20.02
139.7,9.82
137.7,12.59
102.3,18.25
98.1,21.9
102.6,18.4
66.7,21.04
36.2,18.06
106.6,15.75
83.0,19.06
57.2,22.72
78.3,22.3
126.7,15.31
132.1,11.15
62.9,24.52
88.6,19.88
58.6,24.21
91.3,19.29
60.5,20.83
67.0,22.36
126.8,14.89
47.3,21.03
94.8,18.55
30.1,14.87
119.9,12.65
